channel,revenue,profit,orders,customers,avg_margin,avg_discount,profit_per_order,revenue_share_%,profit_share_%,channel_action
mobile_app,646698.4127,75232.9885,2300,754,0.11518651160252684,0.15633222591362125,32.709995000000006,28.17232480769124,26.303969719091157,MAINTAIN — healthy contribution; optimize AOV
store,578746.825,75984.6571,1983,722,0.11497843003321545,0.15788114754098362,38.318031820474026,25.21212858285409,26.566778208922603,MAINTAIN — healthy contribution; optimize AOV
website,1070064.3346,134796.174,3112,779,0.12630213879416338,0.15533509700176368,43.31496593830334,46.61554660945466,47.129252071986244,MAINTAIN — healthy contribution; optimize AOV
