sub_category,avg_monthly_demand,std_demand,safety_stock,reorder_point
Accessories,3.833117723156533,2.282358618417866,4.0,8.0
Art,3.7688442211055277,2.1319573009174264,4.0,8.0
Binders,3.921156373193167,2.292046501035281,4.0,8.0
Chairs,3.8214285714285716,2.2833284586704146,4.0,8.0
Furnishings,3.723849372384937,2.156955444568341,4.0,8.0
Paper,3.780701754385965,2.2326647529980894,4.0,8.0
Phones,3.699662542182227,2.1894530917443595,4.0,8.0
Storage,3.7337278106508878,2.193562521835106,4.0,8.0
